{"cameraMode":{"drawMode":0,"name":"Shaded","section":"Shading Mode"},"sceneLighting":true,"audioPlay":false,"sceneViewState":{"m_AlwaysRefresh":false,"showFog":true,"showSkybox":false,"showFlares":true,"showImageEffects":true,"showParticleSystems":true,"showVisualEffectGraphs":true,"m_FxEnabled":true},"in2DMode":false,"pivot":{"x":0.960446834564209,"y":-0.029685020446777345,"z":0.08506351709365845},"rotation":{"x":0.2128058224916458,"y":0.7274587750434876,"z":-0.25847378373146059,"w":0.5989264845848084},"size":2.7852694988250734,"orthographic":false}