{"cameraMode":{"drawMode":0,"name":"Shaded","section":"Shading Mode"},"sceneLighting":true,"audioPlay":false,"sceneViewState":{"m_AlwaysRefresh":false,"showFog":true,"showSkybox":false,"showFlares":true,"showImageEffects":true,"showParticleSystems":true,"showVisualEffectGraphs":true,"m_FxEnabled":true},"in2DMode":false,"pivot":{"x":0.9621367454528809,"y":-1.3622913360595704,"z":-0.14824822545051576},"rotation":{"x":0.35128891468048098,"y":0.6107843518257141,"z":-0.3464757204055786,"w":0.6192700266838074},"size":3.3423163890838625,"orthographic":false}