{"cameraMode":{"drawMode":0,"name":"Shaded","section":"Shading Mode"},"sceneLighting":true,"audioPlay":false,"sceneViewState":{"m_AlwaysRefresh":false,"showFog":true,"showSkybox":false,"showFlares":true,"showImageEffects":true,"showParticleSystems":true,"showVisualEffectGraphs":true,"m_FxEnabled":true},"in2DMode":false,"pivot":{"x":0.2042393684387207,"y":-0.6242289543151856,"z":-0.28056514263153078},"rotation":{"x":0.30016955733299258,"y":0.5882177352905273,"z":-0.2492551952600479,"w":0.7083668112754822},"size":3.0205612182617189,"orthographic":false}